date,ticker,sentiment,score,num_comments,mention_count,engagement,close,volume,return_1d,forward_return_1d,forward_return_3d,forward_return_7d
2025-10-28,APLD,0.8125,66,26,1,118.0,34.33000183105469,32453400,-0.058214392881184,0.2621506935348128,0.961252545168545,-9.466943588708766
2025-10-28,BPAQF,-0.75,430,106,1,642.0,5.75,0,0.0,0.0,-2.434780286706017,4.869568866232177
2025-10-28,BWXT,0.375,53,25,1,103.0,207.32493591308597,1246500,1.759546121879918,2.9236165354173727,2.8850803992891194,-6.593778710286202
2025-10-28,FCF,0.0266666666666666,53,53,1,159.0,16.248254776000977,489200,0.4905048657667388,-5.491153940741411,-6.711407111242062,-4.758999690682863
2025-10-28,FNKO,0.0266666666666666,53,53,1,159.0,3.0999999046325684,425100,-1.898739859760079,-0.3225803474481759,0.6451606948963517,-2.580642779585396
2025-10-28,FUNC,0.0266666666666666,53,53,1,159.0,36.0099983215332,21100,-1.6389027009431567,-2.7492305190626287,-4.109968373287376,-1.666199672556801
2025-10-28,INTC,0.0,176,50,1,276.0,41.52999877929688,181256400,5.032872578887715,-0.4574973086772682,-3.708155901988086,-10.329875335726436
2025-10-28,JOBY,0.4,90,46,1,182.0,15.609999656677246,51073600,-4.2331264581564,9.096739661751684,11.08264275438744,-8.263933313420823
2025-10-28,MSFT,-0.75,430,106,1,642.0,541.057373046875,29986700,1.98487003684702,-0.0959312255236599,-4.475444358761127,-8.2959809960513
2025-10-28,NVDA,0.0303030303030303,1307,317,3,647.0,201.0188140869141,297986200,4.981986311030795,2.9896001728863864,0.7262579713068984,-6.441824783404304
2025-10-28,NWS,0.0,32,6,1,44.0,31.170000076293945,1847600,0.6782977972586979,-2.8873904919068605,-2.245751559916842,-8.630094730424698
2025-10-28,NWSA,0.0,32,6,1,44.0,26.68000030517578,2679300,-0.2616811021466159,-2.361323316750552,-0.6746638047858688,-5.997002860450995
2025-10-28,ONDS,-0.1,192,96,1,384.0,6.789999961853027,44421400,-9.82736025679548,-0.5891010615280079,-5.154637799689343,-22.680411936744004
2025-10-28,QMCO,0.0909090909090909,650,66,1,782.0,10.050000190734863,1074700,-0.8875754392568269,-4.179105157442143,-6.069657699249841,-19.900497134754367
2025-10-28,RBLX,-0.75,430,106,1,642.0,131.72000122070312,7695000,2.5138108720144103,1.533559257319106,-13.66535061736004,-23.10962811972844
2025-10-28,RCAT,-0.1,192,96,1,384.0,11.06999969482422,10828000,-3.487363233586094,2.8003652047220884,1.626019061770534,-22.13188687268559
2025-10-28,SNAP,0.0944444444444444,27,16,1,59.0,7.739999771118164,40433900,-2.149179261356926,0.0,0.7751992427776466,3.4883781104384504
2025-10-28,SOFI,0.0,1633,251,1,2135.0,31.65999984741211,183013600,5.533332824707027,-2.400506104057853,-6.253946783888487,-14.213518704005402
2025-10-28,TISI,0.0,176,50,1,276.0,16.75,33600,9.836065573770504,-6.6865664809497405,-7.462686567164178,-5.313434885508983
2025-10-29,APLD,0.0333333333333333,38,26,1,90.0,34.41999816894531,29240700,0.2621506935348128,-1.3654777193739198,-4.503193839385499,-9.994185966612424
2025-10-29,BPAQF,0.0,5886,484,1,6854.0,5.75,0,0.0,-1.043477265731152,0.3478257552437247,5.391303352687671
2025-10-29,INTC,0.0181818181818181,50,34,1,118.0,41.34000015258789,106962900,-0.4574973086772682,-2.8543790537502334,-4.450895369609009,-7.764874389512332
2025-10-29,NVDA,0.1583333333333333,170,39,1,248.0,207.02847290039065,308829600,2.9896001728863864,-2.004441686938907,-0.0772784540594484,-9.123839957169231
2025-10-30,FCF,0.15,122,140,1,402.0,15.326297760009766,825100,-0.1936719183419311,-1.0996100502352446,0.9055623159237802,2.764543966356836
2025-10-30,FUNC,0.15,122,140,1,402.0,34.849998474121094,22900,-0.4854425511718996,-0.9182201114351418,0.2869506261029553,2.6111904942775155
2025-10-30,MSFT,-0.0625,179,59,1,297.0,524.77783203125,41023100,-2.9157040620222285,-1.5121028709135675,-2.1739924354149176,-3.7583740794327913
2025-10-30,NWS,0.0,46,16,1,78.0,30.51000022888184,679500,0.7928634538775237,-0.1311075556449159,-4.719765726827041,-0.6227483862086491
2025-10-30,NWSA,0.0,46,16,1,78.0,26.479999542236328,2738900,1.6506730048730045,0.0755304309268289,-2.56797702768522,1.2084580829157865
2025-10-31,FCF,0.305,1590,207,2,1002.0,15.15776824951172,616900,-1.0996100502352446,1.111835909639769,3.400915762807677,5.622410669839684
2025-10-31,FUNC,0.305,1590,207,2,1002.0,34.529998779296875,16800,-0.9182201114351418,1.0715399932301084,3.3593973021151857,4.865335547544403
2025-10-31,MSFT,0.0,5271,492,1,6255.0,516.8426513671875,34006400,-1.5121028709135675,-0.1506267750754353,-2.05673746302234,-1.7631953424382507
2025-11-03,NVDA,0.25,8261,1181,1,10623.0,206.8684844970703,180267300,2.168008099085683,-3.958816973810408,-9.087392040897724,-6.32250458110013
2025-11-04,JOBY,-0.1,12,18,1,48.0,14.760000228881836,39796100,-9.55882043574502,1.6260146842582035,0.94850533521329,0.2032502202302666
2025-11-05,APLD,0.2529100529100529,66,31,1,128.0,33.09000015258789,19861900,6.535739605763435,-6.074343365406842,-4.986399549476072,-28.52825775317905
2025-11-06,NVDA,0.1590909090909091,642,290,1,1222.0,188.0695343017578,223029800,-3.652479239708739,0.0372160571830759,2.700975430668162,-0.7869001425925837
2025-11-06,NWS,-0.15,29,39,1,107.0,28.479999542236328,760500,-2.4657575407222243,6.355342002750919,6.109549856339402,1.5449457202591832
2025-11-06,NWSA,-0.15,29,39,1,107.0,25.07999992370605,6104100,-2.184085332577934,6.539072546400937,6.977671472581903,1.5948948155784848
2025-11-07,MSFT,0.1111111111111111,215,56,1,327.0,495.8918762207031,24019800,-0.0563273105099293,1.8477499302281373,2.882336777668826,-0.6098753891301101
2025-11-10,FCF,0.375,346,33,1,412.0,15.75,737000,0.0,1.6507951040116486,0.6984105185856793,-1.269840058826266
2025-11-10,FUNC,0.375,346,33,1,412.0,35.7599983215332,25600,0.7891735707706404,1.2583914543096597,1.6498886473174543,0.5033565817238683
2025-11-10,MSFT,-0.075,810,180,1,1170.0,505.0547180175781,26101500,1.8477499302281373,0.5296431648967648,-0.5355707887902961,-3.731224734711636
2025-11-11,MSFT,-0.75,935,123,1,1181.0,507.7297058105469,17980000,0.5296431648967648,0.4836125024470616,0.2948798082283543,-5.77073052836078
2025-11-11,NWS,-0.25,2708,288,1,3284.0,30.21999931335449,690600,-0.3298165648952689,0.3639993807112773,-2.183983661179134,-7.412309139690443
2025-11-11,NWSA,-0.25,2708,288,1,3284.0,26.82999992370605,4201100,0.1119428638043373,-0.0372725639592674,-2.534477477113062,-7.566159867379907
2025-11-12,SOFI,-0.35,478,143,1,764.0,32.209999084472656,102911700,4.071076867442169,-11.859670299294455,-16.050910636124772,-21.794469884971654
2025-11-14,MSFT,0.3071428571428571,399,289,2,488.5,509.2268981933594,28505700,1.3689874696540372,-0.5272633968357532,-4.519970728164768,-6.330558749617277
2025-11-18,BPAQF,0.2071428571428571,19,12,1,43.0,5.940000057220459,29100,-2.1416822201726027,-3.535354143502134,0.1683459923964569,-2.356900086480917
2025-11-18,MSFT,0.1363636363636363,1961,181,1,2323.0,492.8675537109375,33815100,-2.6995548838964045,-1.3507811998847874,-4.209560649212119,-0.1739907483979896
2025-11-19,INTC,0.0964285714285714,710,351,1,1412.0,35.11000061035156,67115500,2.272061572077444,-4.243809890528727,1.936770986484393,13.956131090857804
2025-11-19,NVDA,0.0977272727272727,1597,816,2,1614.5,186.50961303710935,247246400,2.8451704496452512,-3.152475142545741,-2.1284545467784133,-3.5384903364074627
2025-11-20,NVDA,-0.6,10339,1201,1,12741.0,180.62994384765625,343504800,-3.152475142545741,-0.9743140680959717,-1.5611140752594843,0.453945525523225
2025-11-21,NVDA,0.0,317,195,1,707.0,178.8700408935547,346926200,-0.9743140680959717,2.051657050199585,0.7714614047074075,0.3969143932395669
2025-11-24,APLD,-0.25,141,111,1,363.0,23.790000915527344,27304700,12.802279485086409,-0.2101771436946231,13.913406215053993,30.89532657110521
2025-11-24,MSFT,0.0,3667,312,1,4291.0,474.0,34421000,0.3982048848293118,0.6307996275052741,3.7995801193301695,1.4430372020866278
2025-11-24,SOFI,0.0349999999999999,16,20,1,56.0,27.399999618530277,63707200,8.773318926629937,3.3941617449761985,8.46715228877315,8.02919997652709
2025-11-26,QMCO,0.4375,381,125,1,631.0,7.480000019073486,475100,7.625902508684956,4.946522521599039,3.208553081633436,21.65775880033891
2025-11-28,NVDA,1.0,257,262,1,781.0,176.99014282226562,121332800,-1.808494995412202,1.649722145253496,1.463278670490609,4.387680695246399
