date,ticker,sentiment,score,num_comments,mention_count,engagement
2025-10-28,APLD,0.8125,66,26,1,118.0
2025-10-28,BPAQF,-0.75,430,106,1,642.0
2025-10-28,BWXT,0.375,53,25,1,103.0
2025-10-28,FCF,0.026666666666666665,53,53,1,159.0
2025-10-28,FNKO,0.026666666666666665,53,53,1,159.0
2025-10-28,FUNC,0.026666666666666665,53,53,1,159.0
2025-10-28,INTC,0.0,176,50,1,276.0
2025-10-28,JOBY,0.4,90,46,1,182.0
2025-10-28,MSFT,-0.75,430,106,1,642.0
2025-10-28,NKLA,-0.75,430,106,1,642.0
2025-10-28,NVDA,0.0303030303030303,1307,317,3,647.0
2025-10-28,NWS,0.0,32,6,1,44.0
2025-10-28,NWSA,0.0,32,6,1,44.0
2025-10-28,ONDS,-0.1,192,96,1,384.0
2025-10-28,QMCO,0.0909090909090909,650,66,1,782.0
2025-10-28,RBLX,-0.75,430,106,1,642.0
2025-10-28,RCAT,-0.1,192,96,1,384.0
2025-10-28,SNAP,0.09444444444444444,27,16,1,59.0
2025-10-28,SOFI,0.0,1633,251,1,2135.0
2025-10-28,TISI,0.0,176,50,1,276.0
2025-10-28,UMAC,-0.1,192,96,1,384.0
2025-10-29,APLD,0.03333333333333333,38,26,1,90.0
2025-10-29,BPAQF,0.0,5886,484,1,6854.0
2025-10-29,CCJ,0.0,7,3,1,13.0
2025-10-29,CIFR,0.03333333333333333,38,26,1,90.0
2025-10-29,COHR,0.0,16,24,1,64.0
2025-10-29,CORZ,0.03333333333333333,38,26,1,90.0
2025-10-29,FISV,-0.6,795,110,1,1015.0
2025-10-29,INTC,0.018181818181818174,50,34,1,118.0
2025-10-29,KT,0.0,34,64,1,162.0
2025-10-29,LITE,0.0,16,24,1,64.0
2025-10-29,NVDA,0.15833333333333333,170,39,1,248.0
2025-10-29,PLUG,0.190625,0,72,1,144.0
2025-10-29,QNC,0.190625,0,72,1,144.0
2025-10-29,TGT,-0.31111111111111106,148,134,1,416.0
2025-10-29,TSLA,-0.4,68,41,1,150.0
2025-10-29,WULF,0.03333333333333333,38,26,1,90.0
2025-10-30,AMZN,0.0,5915,299,2,3256.5
2025-10-30,BYND,-0.5,1364,411,1,2186.0
2025-10-30,CORFF,0.15,122,140,1,402.0
2025-10-30,DASH,0.05,3162,730,1,4622.0
2025-10-30,FB,0.4,159,58,1,275.0
2025-10-30,FCF,0.15,122,140,1,402.0
2025-10-30,FUNC,0.15,122,140,1,402.0
2025-10-30,GOOGL,0.0,79,17,1,113.0
2025-10-30,KT,0.0,111,40,1,191.0
2025-10-30,LLY,0.0,26,13,1,52.0
2025-10-30,LOPE,0.25666666666666665,34,53,1,140.0
2025-10-30,META,-0.5666666666666665,265,125,1,515.0
2025-10-30,MRNA,0.0,46,16,1,78.0
2025-10-30,MSFT,-0.0625,179,59,1,297.0
2025-10-30,NFLX,-0.008950617283950598,1157,307,3,590.3333333333334
2025-10-30,NWPN,-0.1768518518518518,28,16,1,60.0
2025-10-30,NWS,0.0,46,16,1,78.0
2025-10-30,NWSA,0.0,46,16,1,78.0
2025-10-30,NXGPF,0.05,3162,730,1,4622.0
2025-10-30,PFE,0.0,111,40,1,191.0
2025-10-30,RACE,-0.03777777777777778,24,24,1,72.0
2025-10-30,RH,0.175,440,66,1,572.0
2025-10-30,SNDK,0.12142857142857144,24,25,1,74.0
2025-10-30,STRA,0.25666666666666665,34,53,1,140.0
2025-10-30,TSRI,0.0,111,40,1,191.0
2025-10-30,WDC,0.12142857142857144,24,25,1,74.0
2025-10-31,AMZN,0.1,29,7,1,43.0
2025-10-31,BABB,0.5,17,22,1,61.0
2025-10-31,BYND,0.1,29,7,1,43.0
2025-10-31,CMG,0.0,17,9,1,35.0
2025-10-31,FCF,0.305,1590,207,2,1002.0
2025-10-31,FUNC,0.305,1590,207,2,1002.0
2025-10-31,LPPI,0.16666666666666669,81,65,1,211.0
2025-10-31,META,0.0,90,12,1,114.0
2025-10-31,MSFT,0.0,5271,492,1,6255.0
2025-10-31,NWPN,0.4583333333333333,96,9,1,114.0
2025-10-31,PFE,-0.2916666666666667,46,57,1,160.0
2025-10-31,PYPL,0.1875,61,49,1,159.0
2025-10-31,RDDT,0.0,1565,384,1,2333.0
2025-10-31,TSLA,0.0,397,141,1,679.0
2025-10-31,XETR,0.08727272727272728,58,104,1,266.0
2025-11-01,META,0.0923611111111111,219,250,2,359.5
2025-11-01,RIOT,0.0,8,40,1,88.0
2025-11-02,AMD,-0.2,1040,417,1,1874.0
2025-11-02,AQCP,0.075,129,147,1,423.0
2025-11-02,AVGO,-0.2,1040,417,1,1874.0
2025-11-02,FCF,0.075,129,147,1,423.0
2025-11-02,FUNC,0.075,129,147,1,423.0
2025-11-02,HOOD,0.07777777777777777,204,266,1,736.0
2025-11-02,META,-0.6,1081,404,1,1889.0
2025-11-02,NVDA,-0.2,1040,417,1,1874.0
2025-11-02,POET,-0.2,1040,417,1,1874.0
2025-11-03,AAPJ,0.0,1794,218,1,2230.0
2025-11-03,AMD,0.0,232,73,1,378.0
2025-11-03,AQCP,-0.75,141,25,1,191.0
2025-11-03,CAT,0.0,1794,218,1,2230.0
2025-11-03,HIMS,0.0,62,37,1,136.0
2025-11-03,JD,-0.15555555555555556,41,45,1,131.0
2025-11-03,KMB,-0.09999999999999998,412,161,2,367.0
2025-11-03,KVUE,-0.19999999999999996,98,59,1,216.0
2025-11-03,LUMN,0.35000000000000003,27,11,1,49.0
2025-11-03,NKE,0.0,1794,218,1,2230.0
2025-11-03,NVDA,0.25,8261,1181,1,10623.0
2025-11-03,PLTR,0.25,8261,1181,1,10623.0
2025-11-03,TSLA,-0.05000000000000002,289,44,1,377.0
2025-11-04,BROS,0.0,22,39,1,100.0
2025-11-04,FI,0.0,53,96,1,245.0
2025-11-04,JOBY,-0.1,12,18,1,48.0
2025-11-04,SQ,0.0,53,96,1,245.0
2025-11-04,TOST,0.0,53,96,1,245.0
2025-11-04,TSLA,-0.075,26,22,1,70.0
2025-11-04,UBER,0.0,53,96,1,245.0
2025-11-05,AMD,0.0,423,133,1,689.0
2025-11-05,APLD,0.2529100529100529,66,31,1,128.0
2025-11-05,BLL,0.3111111111111111,613,91,1,795.0
2025-11-05,BROS,-0.3125,29,20,1,69.0
2025-11-05,BULL,0.0,18,18,1,54.0
2025-11-05,DNUT,0.0,177,74,1,325.0
2025-11-05,EOSS,-0.5,135,101,1,337.0
2025-11-05,META,0.2529100529100529,66,31,1,128.0
2025-11-05,PINS,-0.12962962962962962,33,28,1,89.0
2025-11-05,SEZL,-0.04444444444444447,61,34,1,129.0
2025-11-05,TE,0.13333333333333333,38,22,1,82.0
2025-11-05,TSLA,-0.06666666666666667,28,29,1,86.0
2025-11-06,DKNG,-0.1175925925925926,59,66,1,191.0
2025-11-06,EOSS,0.0909090909090909,21,23,1,67.0
2025-11-06,GOOGL,0.15909090909090912,642,290,1,1222.0
2025-11-06,GRND,0.13988095238095238,86,39,1,164.0
2025-11-06,NFLX,0.1,104,72,1,248.0
2025-11-06,NVDA,0.15909090909090912,642,290,1,1222.0
2025-11-06,NWS,-0.15000000000000002,29,39,1,107.0
2025-11-06,NWSA,-0.15000000000000002,29,39,1,107.0
2025-11-06,SMCAY,0.1220238095238095,0,30,1,60.0
2025-11-06,SMCI,0.1220238095238095,0,30,1,60.0
2025-11-06,SMECF,0.1220238095238095,0,30,1,60.0
2025-11-06,SPXC,-0.25,4223,509,1,5241.0
2025-11-06,TSLA,-0.037962962962962955,4766,1209,3,2394.6666666666665
2025-11-07,AAPJ,0.30000000000000004,134,44,1,222.0
2025-11-07,COMP,0.11111111111111112,215,56,1,327.0
2025-11-07,DLTR,0.16666666666666666,22,12,1,46.0
2025-11-07,EXPE,0.30000000000000004,134,44,1,222.0
2025-11-07,HOG,-0.08518518518518514,18,21,1,60.0
2025-11-07,LEA,0.15625,2112,303,1,2718.0
2025-11-07,MSFT,0.11111111111111112,215,56,1,327.0
2025-11-07,NICE,-0.08518518518518514,18,21,1,60.0
2025-11-07,SBUX,0.0,36,49,1,134.0
2025-11-07,SEZL,0.21666666666666667,73,67,1,207.0
2025-11-07,SPXC,0.0,46,19,1,84.0
2025-11-08,META,0.0,745,140,1,1025.0
2025-11-08,PFE,0.0,400,64,1,528.0
2025-11-08,TSLA,0.25,906,281,1,1468.0
2025-11-09,FCF,0.03333333333333333,58,46,1,150.0
2025-11-09,FUNC,0.03333333333333333,58,46,1,150.0
2025-11-09,INCY,0.03333333333333333,58,46,1,150.0
2025-11-09,NNBR,0.0,238,65,1,368.0
2025-11-09,SNDX,0.03333333333333333,58,46,1,150.0
2025-11-09,UVV,0.0,238,65,1,368.0
2025-11-10,ADBE,0.22999999999999998,160,106,1,372.0
2025-11-10,AMD,-0.07500000000000001,810,180,1,1170.0
2025-11-10,AMZN,-0.07500000000000001,810,180,1,1170.0
2025-11-10,BE,-0.5,19,37,1,93.0
2025-11-10,BEAM,0.4,47,39,1,125.0
2025-11-10,FCF,0.375,346,33,1,412.0
2025-11-10,FUNC,0.375,346,33,1,412.0
2025-11-10,MSFT,-0.07500000000000001,810,180,1,1170.0
2025-11-10,SMCAY,-0.07500000000000001,810,180,1,1170.0
2025-11-10,SMECF,-0.07500000000000001,810,180,1,1170.0
2025-11-10,TSM,-0.07500000000000001,810,180,1,1170.0
2025-11-11,AMBA,0.0875,18,5,1,28.0
2025-11-11,BABB,0.0,557,223,1,1003.0
2025-11-11,FB,-0.75,935,123,1,1181.0
2025-11-11,GOOGL,0.13333333333333333,1562,134,1,1830.0
2025-11-11,LEA,-0.5555555555555555,6914,1383,1,9680.0
2025-11-11,MSFT,-0.75,935,123,1,1181.0
2025-11-11,NWS,-0.25,2708,288,1,3284.0
2025-11-11,NWSA,-0.25,2708,288,1,3284.0
2025-11-11,TSLA,0.0,557,223,1,1003.0
2025-11-11,YI,0.0,85,34,1,153.0
2025-11-12,CSCO,0.19545454545454544,8,6,1,20.0
2025-11-12,EQC,0.0,13,14,1,41.0
2025-11-12,NFLX,0.5333333333333333,0,37,1,74.0
2025-11-12,OPEN,0.1,205,50,1,305.0
2025-11-12,RIVN,0.0,69,21,1,111.0
2025-11-12,SOFI,-0.35,478,143,1,764.0
2025-11-12,SPXC,-0.18333333333333335,1102,96,1,1294.0
2025-11-12,TME,0.19545454545454544,2,7,1,16.0
2025-11-13,AMAT,0.09772727272727272,60,7,2,37.0
2025-11-13,BULL,0.125,142,145,2,216.0
2025-11-13,MS,-0.75,698,157,1,1012.0
2025-11-13,OPEN,0.09999999999999999,250,59,1,368.0
2025-11-13,SMCAY,0.0,354,261,1,876.0
2025-11-13,SMECF,0.0,354,261,1,876.0
2025-11-13,UVV,-0.75,698,157,1,1012.0
2025-11-14,MSFT,0.3071428571428571,399,289,2,488.5
2025-11-14,MSTR,0.0,2580,434,1,3448.0
2025-11-14,MU,0.5,128,29,1,186.0
2025-11-14,SPXC,0.08095238095238096,932,174,1,1280.0
2025-11-15,AAPJ,0.25,39,27,1,93.0
2025-11-15,VOYG,0.4,39,10,1,59.0
2025-11-16,NFLX,0.375,205,105,1,415.0
2025-11-17,HOOD,0.0,343,59,1,461.0
2025-11-17,NFLX,-0.16388888888888886,0,97,1,194.0
2025-11-17,PACS,0.3666666666666667,47,21,1,89.0
2025-11-18,AQCP,0.20714285714285713,19,12,1,43.0
2025-11-18,BMNR,0.09761904761904762,829,372,1,1573.0
2025-11-18,BPAQF,0.20714285714285713,19,12,1,43.0
2025-11-18,CMCSA,-0.4,17,63,1,143.0
2025-11-18,FMC,0.20714285714285713,19,12,1,43.0
2025-11-18,FUTU,-0.3499999999999999,45,26,1,97.0
2025-11-18,HD,-0.75,3247,550,1,4347.0
2025-11-18,KT,0.20714285714285713,19,12,1,43.0
2025-11-18,MSFT,0.13636363636363635,1961,181,1,2323.0
2025-11-18,MSTR,0.1288095238095238,1193,607,2,1203.5
2025-11-18,MTHRF,0.20714285714285713,19,12,1,43.0
2025-11-18,NNBR,0.20714285714285713,19,12,1,43.0
2025-11-18,RDW,-0.2547979797979798,37,21,1,79.0
2025-11-18,RH,0.20714285714285713,19,12,1,43.0
2025-11-19,BAC,-0.5750000000000001,506,102,1,710.0
2025-11-19,INTC,0.09642857142857143,710,351,1,1412.0
2025-11-19,NVDA,0.09772727272727272,1597,816,2,1614.5
2025-11-19,ORCL,0.17500000000000002,5014,304,1,5622.0
2025-11-19,RIVN,0.19285714285714284,40,17,1,74.0
2025-11-19,TGT,-0.12651515151515155,5322,1007,3,2445.3333333333335
2025-11-19,ULTA,-0.5750000000000001,506,102,1,710.0
2025-11-20,GOOG,0.5,4841,575,1,5991.0
2025-11-20,GOOGL,0.5,4841,575,1,5991.0
2025-11-20,HOOD,0.17714285714285713,129,19,1,167.0
2025-11-20,NVDA,-0.6,10339,1201,1,12741.0
2025-11-20,P,0.11111111111111112,39,9,1,57.0
2025-11-20,PACS,0.35000000000000003,63,29,1,121.0
2025-11-20,SPY,0.3111111111111111,36,14,1,64.0
2025-11-20,TSLA,0.5,152,41,1,234.0
2025-11-21,CMCSA,0.0,435,94,1,623.0
2025-11-21,DISCA,0.0,435,94,1,623.0
2025-11-21,DISCB,0.0,435,94,1,623.0
2025-11-21,DISCK,0.0,435,94,1,623.0
2025-11-21,FOX,0.0,140,50,1,240.0
2025-11-21,FOXA,0.0,140,50,1,240.0
2025-11-21,GOOGL,0.0,885,134,1,1153.0
2025-11-21,HOOD,0.0,50,28,1,106.0
2025-11-21,NFLX,0.0,435,94,1,623.0
2025-11-21,NVDA,0.0,317,195,1,707.0
2025-11-21,NVO,0.39999999999999997,60,43,1,146.0
2025-11-21,OPEN,0.0,50,28,1,106.0
2025-11-21,SHCC,0.172,0,92,1,184.0
2025-11-21,SPT,-0.15555555555555556,427,172,1,771.0
2025-11-21,SPXC,0.0,247,43,1,333.0
2025-11-22,AAPJ,-0.25,405,116,1,637.0
2025-11-22,AMZN,-0.25,405,116,1,637.0
2025-11-22,GPS,0.4,631,161,1,953.0
2025-11-22,INTC,0.2,382,83,1,548.0
2025-11-22,LEA,0.4,631,161,1,953.0
2025-11-22,MSFT,0.2,382,83,1,548.0
2025-11-22,NDAQ,0.4,631,161,1,953.0
2025-11-22,NVDA,0.2,382,83,1,548.0
2025-11-22,ORCL,-0.75,2884,609,1,4102.0
2025-11-22,SPY,-0.13518518518518519,88,74,1,236.0
2025-11-22,TSLA,0.2,382,83,1,548.0
2025-11-23,MSTR,0.0,1300,123,1,1546.0
2025-11-24,APLD,-0.25,141,111,1,363.0
2025-11-24,AVGO,0.13,228,37,1,302.0
2025-11-24,CRSR,-0.16666666666666666,154,106,1,366.0
2025-11-24,FOMC,0.30125,770,334,2,719.0
2025-11-24,META,-0.25,141,111,1,363.0
2025-11-24,MSFT,0.0,3667,312,1,4291.0
2025-11-24,ORCL,0.0,3667,312,1,4291.0
2025-11-24,PGY,0.03499999999999999,16,20,1,56.0
2025-11-24,RH,0.0375,114,22,1,158.0
2025-11-24,SOFI,0.03499999999999999,16,20,1,56.0
2025-11-24,SPXC,-0.008333333333333331,2898,193,1,3284.0
2025-11-24,TGT,0.3025,91,94,1,279.0
2025-11-24,UPST,0.03499999999999999,16,20,1,56.0
2025-11-24,YI,-0.25,403,112,1,627.0
2025-11-25,BABB,0.19545454545454544,29,8,1,45.0
2025-11-25,GAP,0.12666666666666668,119,99,1,317.0
2025-11-25,GOOG,0.25,799,143,1,1085.0
2025-11-25,KT,0.0,38,24,1,86.0
2025-11-25,META,0.0,1117,206,1,1529.0
2025-11-25,MS,0.0,184,171,1,526.0
2025-11-26,HOOD,0.4377777777777778,250,40,1,330.0
2025-11-26,QMCO,0.4375,381,125,1,631.0
2025-11-26,SPXC,-0.04666666666666667,1833,228,2,1144.5
2025-11-28,AMD,1.0,257,262,1,781.0
2025-11-28,AVGO,1.0,257,262,1,781.0
2025-11-28,CONE,0.012499999999999997,2038,334,1,2706.0
2025-11-28,GOOGL,1.0,257,262,1,781.0
2025-11-28,META,1.0,257,262,1,781.0
2025-11-28,NVDA,1.0,257,262,1,781.0
2025-11-28,SPXC,-0.008333333333333325,947,401,1,1749.0
2025-11-30,TGT,-0.2263888888888889,1887,313,1,2513.0
2025-12-01,AQCP,-0.525,383,70,1,523.0
2025-12-01,B,-0.05,329,135,1,599.0
2025-12-01,BAINF,0.23611111111111113,31,27,1,85.0
2025-12-01,BOX,0.25,4746,1857,1,8460.0
2025-12-01,FCF,0.625,46,35,1,116.0
2025-12-01,FUNC,0.625,46,35,1,116.0
2025-12-01,GOLD,-0.05,329,135,1,599.0
2025-12-01,IOVA,0.625,46,35,1,116.0
2025-12-01,MCK,0.625,46,35,1,116.0
2025-12-01,MDB,0.3143939393939394,351,68,2,243.5
2025-12-01,NVDA,-0.525,383,70,1,523.0
2025-12-01,SNPS,-0.525,383,70,1,523.0
2025-12-01,SPX,-0.2451388888888889,71,44,1,159.0
2025-12-02,CVNA,0.3333333333333333,93,162,1,417.0
2025-12-02,FCF,0.20833333333333334,193,68,1,329.0
2025-12-02,FUNC,0.20833333333333334,193,68,1,329.0
2025-12-02,MDGL,0.1,45,6,1,57.0
2025-12-02,SNAP,0.15,175,281,1,737.0
2025-12-02,UFI,0.46818181818181814,594,72,1,738.0
2025-12-03,FCF,-0.3541666666666667,270,95,2,230.0
2025-12-03,FUNC,-0.3541666666666667,270,95,2,230.0
2025-12-03,INTC,0.05,248,109,1,466.0
2025-12-03,LMT,0.015000000000000003,0,86,1,172.0
2025-12-03,MRNA,0.0,620,516,1,1652.0
2025-12-03,NOC,0.015000000000000003,0,86,1,172.0
2025-12-03,NWPN,0.19545454545454544,30,32,1,94.0
2025-12-03,ORCL,0.04166666666666667,102,39,1,180.0
2025-12-03,TSLA,0.35,121,130,1,381.0
2025-12-04,APLD,0.0,18,8,1,34.0
2025-12-04,ASTS,-0.075,347,45,1,437.0
2025-12-04,AUTO,-9.25185853854297e-18,55,58,1,171.0
2025-12-04,BLK,0.43333333333333335,0,71,1,142.0
2025-12-04,FB,-0.45,1527,280,1,2087.0
2025-12-04,IMMR,0.43333333333333335,0,71,1,142.0
2025-12-04,META,0.16666666666666666,144,66,3,92.0
2025-12-04,MLTX,0.0,20,29,1,78.0
2025-12-04,NWS,-0.45,1527,280,1,2087.0
2025-12-04,NWSA,-0.45,1527,280,1,2087.0
2025-12-04,PATH,0.0,168,24,1,216.0
2025-12-04,SPXC,0.25,133,54,1,241.0
2025-12-04,TAL,0.05,11,20,1,51.0
2025-12-04,XYZ,0.1875,487,270,1,1027.0
2025-12-05,BLK,0.25,294,174,1,642.0
2025-12-05,CMCSA,0.2,13683,1782,1,17247.0
2025-12-05,DISCA,0.2,13683,1782,1,17247.0
2025-12-05,DISCB,0.2,13683,1782,1,17247.0
2025-12-05,DISCK,0.2,13683,1782,1,17247.0
2025-12-05,EQT,0.17777777777777773,5449,1153,1,7755.0
2025-12-05,FCF,0.25,294,174,1,642.0
2025-12-05,FUNC,0.25,294,174,1,642.0
2025-12-05,LULU,0.0,82,27,1,136.0
2025-12-05,NFLX,0.2,13683,1782,1,17247.0
2025-12-05,QMCO,0.25,53,83,1,219.0
2025-12-05,RIVN,0.12878787878787878,76,27,1,130.0
2025-12-05,SPXC,0.0,105,59,1,223.0
2025-12-05,TSLA,0.125,304,179,2,331.0
2025-12-05,VERX,0.3666666666666667,281,78,1,437.0
2025-12-06,AQCP,0.295,45,119,1,283.0
2025-12-06,CMCSA,0.295,45,119,1,283.0
2025-12-06,DISCA,0.295,45,119,1,283.0
2025-12-06,DISCB,0.295,45,119,1,283.0
2025-12-06,DISCK,0.295,45,119,1,283.0
2025-12-06,NDAQ,0.35,483,56,1,595.0
2025-12-06,NFLX,0.1475,2314,454,2,1611.0
2025-12-06,ROKU,0.295,45,119,1,283.0
2025-12-07,CVNA,0.25,937,291,1,1519.0
2025-12-07,KT,0.0,294,113,1,520.0
2025-12-08,BAC,0.4000000000000001,127,93,1,313.0
2025-12-08,DISCA,0.20000000000000004,9302,1223,2,5874.0
2025-12-08,DISCB,0.20000000000000004,9302,1223,2,5874.0
2025-12-08,DISCK,0.20000000000000004,9302,1223,2,5874.0
2025-12-08,MLTX,0.0,60,49,1,158.0
2025-12-08,NFLX,-0.04999999999999996,265,195,2,327.5
2025-12-08,NNBR,0.4000000000000001,127,93,1,313.0
2025-12-08,ORCL,0.4000000000000001,127,93,1,313.0
2025-12-08,SPY,0.03409090909090909,214,203,1,620.0
2025-12-08,VIEW,-0.75,344,72,1,488.0
2025-12-08,VIEWW,-0.75,344,72,1,488.0
2025-12-09,APLD,0.3333333333333333,9,3,1,15.0
2025-12-09,POET,0.35,19,7,1,33.0
